variant,oracle,n,k,eps,seed,adversarial,alg_seeds,min_ratio,mean_ratio,mean_min_ratio,exp_min_ratio,n_checkpoints,total_queries,wall_s
A0,maxcut,15,3,0.1,0,0,1,0.4897875720241361,0.9033705626559335,0.4897875720241361,0.4897875720241361,38,125,0.04981493949890137
A0,maxcut,15,3,0.1,0,1,1,0.4897875720241361,0.8670202792636252,0.4897875720241361,,38,315,0.027019739151000977
A0,maxcut,15,3,0.1,1,0,1,0.7993998833557409,0.9434352196520128,0.7993998833557409,0.7993998833557409,38,233,0.031355857849121094
A0,maxcut,15,3,0.1,1,1,1,0.6827024377453239,0.9560037157549935,0.6827024377453239,,38,379,0.03233838081359863
A0,maxcut,15,3,0.1,2,0,1,0.8981182380002851,0.9826254480555874,0.8981182380002851,0.8981182380002851,38,328,0.029694080352783203
A0,maxcut,15,3,0.1,2,1,1,0.8981182380002851,0.9887286164992704,0.8981182380002851,,38,896,0.03231167793273926
A0,maxcut,15,3,0.1,3,0,1,0.8627229401349515,0.9944303189983872,0.8627229401349515,0.8627229401349515,38,157,0.03360891342163086
A0,maxcut,15,3,0.1,3,1,1,0.8627229401349515,0.99036554221833,0.8627229401349515,,38,489,0.031233549118041992
A0,maxcut,15,3,0.1,4,0,1,0.9160945891635934,0.9580807027051772,0.9160945891635934,0.9160945891635934,38,288,0.03702688217163086
A0,maxcut,15,3,0.1,4,1,1,0.9160945891635934,0.9862037520496961,0.9160945891635934,,38,796,0.029265642166137695
A0,maxcut,15,3,0.1,5,0,1,0.8239053568042028,0.9449541630632463,0.8239053568042028,0.8239053568042028,38,191,0.03149986267089844
A0,maxcut,15,3,0.1,5,1,1,0.8239053568042028,0.9481844906095405,0.8239053568042028,,38,620,0.033074140548706055
A0,maxcut,15,3,0.1,6,0,1,0.6650628645388931,0.9796832050410911,0.6650628645388931,0.6650628645388931,38,179,0.029874563217163086
A0,maxcut,15,3,0.1,6,1,1,0.6650628645388931,0.967542707543876,0.6650628645388931,,38,712,0.032483577728271484
A0,maxcut,15,3,0.1,7,0,1,0.6834587139584677,0.8497427213825767,0.6834587139584677,0.6834587139584677,38,94,0.03006720542907715
A0,maxcut,15,3,0.1,7,1,1,0.6834587139584677,0.9755817177598347,0.6834587139584677,,38,657,0.0330507755279541
A0,maxcut,15,3,0.1,8,0,1,0.7869415643006349,0.8897870350070392,0.7869415643006349,0.7869415643006349,38,61,0.03054356575012207
A0,maxcut,15,3,0.1,8,1,1,0.77458619120998,0.9586880048340922,0.77458619120998,,38,670,0.03321695327758789
A0,maxcut,15,3,0.1,9,0,1,0.8796117183454581,0.9568962453029428,0.8796117183454581,0.8796117183454581,38,161,0.033043622970581055
A0,maxcut,15,3,0.1,9,1,1,0.8796117183454581,0.9711241968588983,0.8796117183454581,,38,653,0.034371137619018555
A0,maxcut,15,3,0.1,10,0,1,0.8463979314398077,0.945121368802362,0.8463979314398077,0.8463979314398077,38,154,0.031117916107177734
A0,maxcut,15,3,0.1,10,1,1,0.8463979314398077,0.9775722430356806,0.8463979314398077,,38,503,0.03238344192504883
A0,maxcut,15,3,0.1,11,0,1,0.7253615472297967,0.9788681703586853,0.7253615472297967,0.7253615472297967,38,107,0.028787612915039062
A0,maxcut,15,3,0.1,11,1,1,0.7253615472297967,0.9679754328769405,0.7253615472297967,,38,515,0.030800580978393555
A0,maxcut,15,5,0.1,0,0,1,0.8045122004813791,0.9511986071722338,0.8045122004813791,0.8045122004813791,38,512,0.31027889251708984
A0,maxcut,15,5,0.1,0,1,1,0.5906302557834648,0.904968182890917,0.5906302557834648,,38,1640,0.3291037082672119
A0,maxcut,15,5,0.1,1,0,1,0.5071520769037395,0.8898817394626344,0.5071520769037395,0.5071520769037395,38,1518,0.28670501708984375
A0,maxcut,15,5,0.1,1,1,1,0.5071520769037395,0.8795271222330299,0.5071520769037395,,38,2070,0.2843668460845947
A0,maxcut,15,5,0.1,2,0,1,0.8024920871835115,0.9189467042640899,0.8024920871835115,0.8024920871835115,38,1158,0.2774391174316406
A0,maxcut,15,5,0.1,2,1,1,0.8024920871835115,0.943442963134632,0.8024920871835115,,38,1990,0.28955817222595215
A0,maxcut,15,5,0.1,3,0,1,0.864605946267547,0.9752277808364722,0.864605946267547,0.864605946267547,38,1128,0.29860639572143555
A0,maxcut,15,5,0.1,3,1,1,0.864605946267547,0.9810986352778074,0.864605946267547,,38,2268,0.30051136016845703
A0,maxcut,15,5,0.1,4,0,1,0.83863937376759,0.9557409103295373,0.83863937376759,0.83863937376759,38,810,0.36630821228027344
A0,maxcut,15,5,0.1,4,1,1,0.83863937376759,0.9600763534568226,0.83863937376759,,38,1958,0.4328646659851074
A0,maxcut,15,5,0.1,5,0,1,0.896736882067136,0.9484197390008801,0.896736882067136,0.896736882067136,38,955,0.30937933921813965
A0,maxcut,15,5,0.1,5,1,1,0.896736882067136,0.9627145768914339,0.896736882067136,,38,2359,0.3149409294128418
A0,maxcut,15,5,0.1,6,0,1,0.7455011443825366,0.927513128915383,0.7455011443825366,0.7455011443825366,38,496,0.30420827865600586
A0,maxcut,15,5,0.1,6,1,1,0.7455011443825366,0.9328618176002159,0.7455011443825366,,38,2378,0.3044240474700928
A0,maxcut,15,5,0.1,7,0,1,0.7574493759619385,0.9287728298391293,0.7574493759619385,0.7574493759619385,38,920,0.33243608474731445
A0,maxcut,15,5,0.1,7,1,1,0.7574493759619385,0.970616088995262,0.7574493759619385,,38,2300,0.32835984230041504
A0,maxcut,15,5,0.1,8,0,1,0.8599992339554716,0.9705707118092216,0.8599992339554716,0.8599992339554716,38,698,0.2841672897338867
A0,maxcut,15,5,0.1,8,1,1,0.8599992339554716,0.9692765699689299,0.8599992339554716,,38,1365,0.3009343147277832
A0,maxcut,15,5,0.1,9,0,1,0.8499697909068564,0.9659438059171132,0.8499697909068564,0.8499697909068564,38,1270,0.3188035488128662
A0,maxcut,15,5,0.1,9,1,1,0.8499697909068564,0.9729600347406944,0.8499697909068564,,38,2377,0.3210873603820801
A0,maxcut,15,5,0.1,10,0,1,0.7926728081625256,0.9695225941398578,0.7926728081625256,0.7926728081625256,38,814,0.3428189754486084
A0,maxcut,15,5,0.1,10,1,1,0.7926728081625256,0.9544377727514634,0.7926728081625256,,38,2046,0.2922217845916748
A0,maxcut,15,5,0.1,11,0,1,0.7151968327317347,0.9623052997903301,0.7151968327317347,0.7151968327317347,38,580,0.3374824523925781
A0,maxcut,15,5,0.1,11,1,1,0.7151968327317347,0.9623205402603162,0.7151968327317347,,38,1715,0.30550289154052734
A0,dicut,15,3,0.1,0,0,1,0.6806030480504907,0.9295956968687635,0.6806030480504907,0.6806030480504907,38,76,0.023110151290893555
A0,dicut,15,3,0.1,0,1,1,0.4559817661587065,0.8943220202614259,0.4559817661587065,,38,250,0.030684947967529297
A0,dicut,15,3,0.1,1,0,1,0.6258143072272885,0.968905917715353,0.6258143072272885,0.6258143072272885,38,176,0.022940874099731445
A0,dicut,15,3,0.1,1,1,1,0.6258143072272885,0.9796241372152776,0.6258143072272885,,38,176,0.023080110549926758
A0,dicut,15,3,0.1,2,0,1,0.8559173696784501,0.9678750809469613,0.8559173696784501,0.8559173696784501,38,145,0.02329850196838379
A0,dicut,15,3,0.1,2,1,1,0.8559173696784501,0.9892779308105509,0.8559173696784501,,38,447,0.02460503578186035
A0,dicut,15,3,0.1,3,0,1,0.7751830814866384,0.8363221301742758,0.7751830814866384,0.7751830814866384,38,59,0.023051977157592773
A0,dicut,15,3,0.1,3,1,1,0.6556233291378746,0.9277298663010435,0.6556233291378746,,38,265,0.02461719512939453
A0,dicut,15,3,0.1,4,0,1,0.9378528798745319,0.9910619947584085,0.9378528798745319,0.9378528798745319,38,224,0.024265050888061523
A0,dicut,15,3,0.1,4,1,1,0.9355343485989821,0.9920828739331881,0.9355343485989821,,38,552,0.025255441665649414
A0,dicut,15,3,0.1,5,0,1,0.4781701738853202,0.8006122683282723,0.4781701738853202,0.4781701738853202,38,105,0.025739192962646484
A0,dicut,15,3,0.1,5,1,1,0.5215381766322429,0.9026709251125461,0.5215381766322429,,38,569,0.027828216552734375
A0,dicut,15,3,0.1,6,0,1,0.8678375050616689,0.9667196909916442,0.8678375050616689,0.8678375050616689,38,136,0.026159286499023438
A0,dicut,15,3,0.1,6,1,1,0.8678375050616689,0.9791322376413161,0.8678375050616689,,38,467,0.0277712345123291
A0,dicut,15,3,0.1,7,0,1,0.7883993226687025,0.9825081306571699,0.7883993226687025,0.7883993226687025,38,157,0.024770498275756836
A0,dicut,15,3,0.1,7,1,1,0.7883993226687025,0.9798033643942181,0.7883993226687025,,38,590,0.026834726333618164
A0,dicut,15,3,0.1,8,0,1,0.9243335355249495,0.9870803904368842,0.9243335355249495,0.9243335355249495,38,188,0.024898290634155273
A0,dicut,15,3,0.1,8,1,1,0.9243335355249495,0.9819484118745961,0.9243335355249495,,38,519,0.026337385177612305
A0,dicut,15,3,0.1,9,0,1,0.8941304172357565,0.9867590567613458,0.8941304172357565,0.8941304172357565,38,244,0.026596784591674805
A0,dicut,15,3,0.1,9,1,1,0.8941304172357565,0.9896024182820398,0.8941304172357565,,38,664,0.028464794158935547
A0,dicut,15,3,0.1,10,0,1,0.8315457872924185,0.9657801944470481,0.8315457872924185,0.8315457872924185,38,140,0.025382041931152344
A0,dicut,15,3,0.1,10,1,1,0.8315457872924185,0.9886084999099651,0.8315457872924185,,38,372,0.02646327018737793
A0,dicut,15,3,0.1,11,0,1,0.6825328261602384,0.9742373188576148,0.6825328261602384,0.6825328261602384,38,164,0.023957490921020508
A0,dicut,15,3,0.1,11,1,1,0.6825328261602384,0.9760378462783962,0.6825328261602384,,38,593,0.028096914291381836
A0,dicut,15,5,0.1,0,0,1,0.8902386793659735,0.9713833855309406,0.8902386793659735,0.8902386793659735,38,480,0.24393630027770996
A0,dicut,15,5,0.1,0,1,1,0.8902386793659735,0.9775568328851678,0.8902386793659735,,38,1389,0.2435615062713623
A0,dicut,15,5,0.1,1,0,1,0.8025355558050534,0.970059655241704,0.8025355558050534,0.8025355558050534,38,1009,0.2227494716644287
A0,dicut,15,5,0.1,1,1,1,0.8025355558050534,0.9758529558243496,0.8025355558050534,,38,1832,0.22630047798156738
A0,dicut,15,5,0.1,2,0,1,0.9404677349133347,0.9825223000107414,0.9404677349133347,0.9404677349133347,38,323,0.24944138526916504
A0,dicut,15,5,0.1,2,1,1,0.9323177254547316,0.9791388901697721,0.9323177254547316,,38,1227,0.2512695789337158
A0,dicut,15,5,0.1,3,0,1,0.5260233910383726,0.9549824131127661,0.5260233910383726,0.5260233910383726,38,562,0.2378232479095459
A0,dicut,15,5,0.1,3,1,1,0.5072001926440528,0.9378216415391162,0.5072001926440528,,38,1086,0.24032092094421387
A0,dicut,15,5,0.1,4,0,1,0.7782209447053985,0.9643759797958494,0.7782209447053985,0.7782209447053985,38,713,0.27109408378601074
A0,dicut,15,5,0.1,4,1,1,0.7782209447053985,0.9804479839384467,0.7782209447053985,,38,1593,0.27381086349487305
A0,dicut,15,5,0.1,5,0,1,0.5729767997590319,0.8400644902427276,0.5729767997590319,0.5729767997590319,38,282,0.254117488861084
A0,dicut,15,5,0.1,5,1,1,0.6052041560489503,0.923862101135112,0.6052041560489503,,38,1294,0.2508561611175537
A0,dicut,15,5,0.1,6,0,1,0.9000537821892856,0.9555685113899933,0.9000537821892856,0.9000537821892856,38,598,0.25041699409484863
A0,dicut,15,5,0.1,6,1,1,0.9005941648657612,0.9781909639351081,0.9005941648657612,,38,1920,0.2565732002258301
A0,dicut,15,5,0.1,7,0,1,0.6646677201064017,0.9039826976934581,0.6646677201064017,0.6646677201064017,38,756,0.2658381462097168
A0,dicut,15,5,0.1,7,1,1,0.7731323785926336,0.9775160421195337,0.7731323785926336,,38,1855,0.26595163345336914
A0,dicut,15,5,0.1,8,0,1,0.7279433715062833,0.9167451266615917,0.7279433715062833,0.7279433715062833,38,502,0.24878525733947754
A0,dicut,15,5,0.1,8,1,1,0.6705215574354888,0.9272482741006906,0.6705215574354888,,38,1181,0.25011491775512695
A0,dicut,15,5,0.1,9,0,1,0.8188285891456265,0.9596190020202574,0.8188285891456265,0.8188285891456265,38,980,0.25549936294555664
A0,dicut,15,5,0.1,9,1,1,0.8040128479247831,0.960085818595087,0.8040128479247831,,38,2385,0.2572014331817627
A0,dicut,15,5,0.1,10,0,1,0.9080180324880002,0.9938004379401547,0.9080180324880002,0.9080180324880002,38,499,0.2539212703704834
A0,dicut,15,5,0.1,10,1,1,0.9080180324880002,0.9959019943744417,0.9080180324880002,,38,1623,0.2591273784637451
A0,dicut,15,5,0.1,11,0,1,0.8615213156716782,0.9682331212997655,0.8615213156716782,0.8615213156716782,38,617,0.24854207038879395
A0,dicut,15,5,0.1,11,1,1,0.8615213156716782,0.9903309903995621,0.8615213156716782,,38,1621,0.25212955474853516
A0,covcost,15,3,0.1,0,0,1,0.9233740914389627,0.9528767450938559,0.9233740914389627,0.9233740914389627,38,210,0.037834882736206055
A0,covcost,15,3,0.1,0,1,1,0.9205403955511395,0.9812029847801383,0.9205403955511395,,38,904,0.040091514587402344
A0,covcost,15,3,0.1,1,0,1,0.5239287335789289,0.9187776522034709,0.5239287335789289,0.5239287335789289,38,296,0.03430342674255371
A0,covcost,15,3,0.1,1,1,1,0.47667965337947704,0.9255288260459824,0.47667965337947704,,38,1017,0.037218570709228516
A0,covcost,15,3,0.1,2,0,1,0.7241207152597086,0.8969826742176563,0.7241207152597086,0.7241207152597086,38,348,0.03621077537536621
A0,covcost,15,3,0.1,2,1,1,0.8590653491525811,0.9595073253736845,0.8590653491525811,,38,1570,0.040700674057006836
A0,covcost,15,3,0.1,3,0,1,0.7590675920791838,0.858028423067636,0.7590675920791838,0.7590675920791838,38,496,0.048256874084472656
A0,covcost,15,3,0.1,3,1,1,0.729454484146301,0.9298845536643247,0.729454484146301,,38,1204,0.03921103477478027
A0,covcost,15,3,0.1,4,0,1,0.6270115939938308,0.9095828296548539,0.6270115939938308,0.6270115939938308,38,747,0.035852670669555664
A0,covcost,15,3,0.1,4,1,1,0.6270115939938308,0.9116039360252991,0.6270115939938308,,38,2758,0.04256558418273926
A0,covcost,15,3,0.1,5,0,1,0.7104035155247679,0.9338913799855423,0.7104035155247679,0.7104035155247679,38,919,0.04099893569946289
A0,covcost,15,3,0.1,5,1,1,0.7104035155247679,0.9857683829825712,0.7104035155247679,,38,2879,0.04422473907470703
A0,covcost,15,3,0.1,6,0,1,0.792909122799948,0.9616489951998713,0.792909122799948,0.792909122799948,38,369,0.036963462829589844
A0,covcost,15,3,0.1,6,1,1,0.792909122799948,0.9412100033092148,0.792909122799948,,38,1478,0.04140758514404297
A0,covcost,15,3,0.1,7,0,1,0.5951802500762751,0.9693828848561534,0.5951802500762751,0.5951802500762751,38,490,0.03641653060913086
A0,covcost,15,3,0.1,7,1,1,0.5951802500762751,0.9572441000695056,0.5951802500762751,,38,1679,0.041484832763671875
A0,covcost,15,3,0.1,8,0,1,0.4914588659457766,0.8332963017656717,0.4914588659457766,0.4914588659457766,38,359,0.03686666488647461
A0,covcost,15,3,0.1,8,1,1,0.4982630704470085,0.8521373192480458,0.4982630704470085,,38,1496,0.04113006591796875
A0,covcost,15,3,0.1,9,0,1,0.6576912644448842,0.9658818980659247,0.6576912644448842,0.6576912644448842,38,93,0.03187894821166992
A0,covcost,15,3,0.1,9,1,1,0.6134314886651302,0.9689731193919411,0.6134314886651302,,38,544,0.033777713775634766
A0,covcost,15,3,0.1,10,0,1,0.5677112184107886,0.9477145767175288,0.5677112184107886,0.5677112184107886,38,360,0.03801083564758301
A0,covcost,15,3,0.1,10,1,1,0.5677112184107886,0.9315898897819819,0.5677112184107886,,38,1825,0.043608665466308594
A0,covcost,15,3,0.1,11,0,1,0.5357843681131956,0.7899008086640973,0.5357843681131956,0.5357843681131956,38,278,0.03650522232055664
A0,covcost,15,3,0.1,11,1,1,0.5357843681131956,0.9018523728504906,0.5357843681131956,,38,1668,0.041005611419677734
A0,covcost,15,5,0.1,0,0,1,0.8306191852954153,0.929878557622516,0.8306191852954153,0.8306191852954153,38,3744,0.3323230743408203
A0,covcost,15,5,0.1,0,1,1,0.7474536633544312,0.9431829121177808,0.7474536633544312,,38,6390,0.3296787738800049
A0,covcost,15,5,0.1,1,0,1,0.8149036972529738,0.9220394808875888,0.8149036972529738,0.8149036972529738,38,2325,0.30440282821655273
A0,covcost,15,5,0.1,1,1,1,0.8201844478818137,0.9639056221329378,0.8201844478818137,,38,7451,0.3209521770477295
A0,covcost,15,5,0.1,2,0,1,0.6331273087630767,0.8831146268854903,0.6331273087630767,0.6331273087630767,37,1346,0.31496739387512207
A0,covcost,15,5,0.1,2,1,1,0.7111765915092872,0.9272610280998661,0.7111765915092872,,37,4779,0.32161903381347656
A0,covcost,15,5,0.1,3,0,1,0.7548595232214597,0.8367487327177711,0.7548595232214597,0.7548595232214597,38,152,0.29459261894226074
A0,covcost,15,5,0.1,3,1,1,0.8395377154070018,0.9424049120064945,0.8395377154070018,,38,6200,0.3130660057067871
A0,covcost,15,5,0.1,4,0,1,0.5785355390605945,0.8195722787819267,0.5785355390605945,0.5785355390605945,38,1397,0.32750725746154785
A0,covcost,15,5,0.1,4,1,1,0.615251579220879,0.8926300843563372,0.615251579220879,,38,7310,0.3370068073272705
A0,covcost,15,5,0.1,5,0,1,0.853315330334426,0.964270353306034,0.853315330334426,0.853315330334426,38,1492,0.30962443351745605
A0,covcost,15,5,0.1,5,1,1,0.7969247470098196,0.9560725724705283,0.7969247470098196,,38,3966,0.3190779685974121
A0,covcost,15,5,0.1,6,0,1,0.8853810879301327,0.9519303452338301,0.8853810879301327,0.8853810879301327,38,1178,0.3028073310852051
A0,covcost,15,5,0.1,6,1,1,0.8853810879301327,0.9726646688143827,0.8853810879301327,,38,6674,0.32174134254455566
A0,covcost,15,5,0.1,7,0,1,0.7415050108928654,0.9301141262102807,0.7415050108928654,0.7415050108928654,38,1132,0.3157057762145996
A0,covcost,15,5,0.1,7,1,1,0.7415050108928654,0.9427287987029112,0.7415050108928654,,38,6487,0.33192920684814453
A0,covcost,15,5,0.1,8,0,1,0.48638022574758555,0.7134781678192873,0.48638022574758555,0.48638022574758555,38,136,0.30815935134887695
A0,covcost,15,5,0.1,8,1,1,0.4877762272827531,0.9196126362504039,0.4877762272827531,,38,6273,0.3298919200897217
A0,covcost,15,5,0.1,9,0,1,0.5133973993927764,0.7950851628091136,0.5133973993927764,0.5133973993927764,38,1309,0.29790520668029785
A0,covcost,15,5,0.1,9,1,1,0.5493057335557958,0.8658897388557937,0.5493057335557958,,38,5992,0.3116593360900879
A0,covcost,15,5,0.1,10,0,1,0.7047299113778087,0.9276291049040966,0.7047299113778087,0.7047299113778087,38,151,0.3058593273162842
A0,covcost,15,5,0.1,10,1,1,0.6363162885201402,0.9440466435559055,0.6363162885201402,,38,4387,0.31732845306396484
A0,covcost,15,5,0.1,11,0,1,0.5173005278227164,0.925556948258103,0.5173005278227164,0.5173005278227164,38,3398,0.32662343978881836
A0,covcost,15,5,0.1,11,1,1,0.7162380887395494,0.94233174664681,0.7162380887395494,,38,7689,0.33051085472106934
